Region,Year,Month,tp,cdir,e,avg_pevr,avg_tprate,v10,d2m,t2m,sp,skt,si10,tcc,stl1
CAU,1940,1,0.002488891,25918944,-0.00199186,-8.47E-05,2.88E-05,1.1177914,286.89578,301.98215,97251.53,305.19275,4.759331,0.4564349,305.68048
CAU,1940,2,0.000914306,24732678,-0.00136665,-9.70E-05,1.06E-05,2.240045,282.65784,302.9565,97518.46,305.74408,5.244463,0.28207168,306.22723
CAU,1940,3,0.000120846,22193136,-0.000688784,-8.97E-05,1.40E-06,1.0226825,278.57538,302.06815,97823.664,305.09018,4.5011554,0.2006911,305.58786
CAU,1940,4,7.86E-05,18195878,-0.000645353,-7.06E-05,9.10E-07,1.5991371,278.45038,298.62128,98169.984,300.8419,4.334552,0.25925484,301.51572
CAU,1940,5,0.000147901,14591143,-0.000601123,-4.89E-05,1.71E-06,1.1082015,276.04984,292.4009,98391.65,293.89374,3.981065,0.24213178,294.56265
CAU,1940,6,0.001134241,12104220,-0.000861854,-3.34E-05,1.31E-05,0.46296597,277.53918,288.89078,98518.65,289.6446,3.9951577,0.42357612,290.2047
CAU,1940,7,0.000307847,12387682,-0.000890229,-3.51E-05,3.56E-06,0.57437813,277.69073,288.99173,98513.73,289.90784,3.6225145,0.21211563,290.32367
CAU,1940,8,0.000129315,15633010,-0.000647428,-5.26E-05,1.50E-06,0.9354085,274.2791,291.43494,98459.49,292.99115,4.140514,0.1316872,293.17075
CAU,1940,9,0.000641412,19575740,-0.001081073,-6.09E-05,7.42E-06,0.82003,277.96417,293.44345,98204.73,295.89484,4.5163913,0.246378,296.08734
CAU,1940,10,0.000376931,23565014,-0.00096963,-8.22E-05,4.36E-06,1.0042142,278.80084,298.3456,98011.87,301.77103,4.554767,0.28726888,301.83023
CAU,1940,11,0.000153418,26014858,-0.000658589,-9.81E-05,1.78E-06,2.0653968,276.7637,300.53876,97718.52,304.50943,5.0277576,0.31505847,304.7871
CAU,1940,12,0.000313831,26600242,-0.00074366,-0.000106056,3.63E-06,1.3239974,279.46,304.04916,97599.23,308.32248,4.743487,0.28048754,308.50333
CAU,1950,1,0.000747413,26252814,-0.001135344,-0.000102481,8.65E-06,1.3749813,283.20026,303.77298,97329.484,307.71765,4.7089396,0.31202212,308.17966
CAU,1950,2,0.001269947,24598652,-0.001689244,-8.78E-05,1.47E-05,1.7034186,285.09348,302.02686,97395.09,305.1984,4.725824,0.30960834,305.534
CAU,1950,3,0.001744268,22135856,-0.00121751,-7.84E-05,2.02E-05,2.238042,281.06815,300.02478,97710.945,302.51276,4.776445,0.21221675,303.20682
CAU,1950,4,0.000217674,18442530,-0.000931294,-6.57E-05,2.52E-06,1.3406768,278.54205,296.52094,98111,298.55118,4.1827326,0.18930674,299.17374
CAU,1950,5,0.001401282,14270524,-0.001214557,-4.04E-05,1.62E-05,0.22497334,282.15506,292.8319,97968.07,294.02686,3.6080484,0.41892546,294.8219
CAU,1950,6,0.001104498,12266234,-0.001389654,-2.69E-05,1.28E-05,1.3091638,279.6211,286.77817,98371.96,287.4577,3.8845298,0.2824835,288.2241
CAU,1950,7,0.000438166,12504304,-0.001016131,-3.33E-05,5.07E-06,1.1357462,276.02264,286.9264,98538,287.60382,4.1784997,0.22722563,288.1195
CAU,1950,8,0.000119068,15572521,-0.000779658,-4.86E-05,1.38E-06,0.8225369,275.17017,290.00064,98456.875,291.35468,4.0269675,0.1407103,291.66812
CAU,1950,9,0.000125648,19674094,-0.000777772,-6.87E-05,1.45E-06,0.6450861,275.76703,294.72498,98181.11,296.9343,4.3618746,0.13580504,297.2144
CAU,1950,10,0.000498116,23615800,-0.001139148,-7.90E-05,5.77E-06,1.214559,278.06506,296.87796,97923.63,299.7653,4.505031,0.23428375,300.24377
CAU,1950,11,0.000652924,25789730,-0.001238166,-9.50E-05,7.56E-06,1.3518094,279.7551,300.62674,97540.57,304.0719,4.745762,0.2060013,304.47104
CAU,1950,12,0.001877426,26127170,-0.001805244,-9.25E-05,2.17E-05,1.6538099,284.26587,301.8889,97383.98,305.1725,5.214684,0.32500547,305.55362
CAU,1960,1,0.001375668,26036264,-0.001586906,-9.58E-05,1.59E-05,0.60740405,286.03302,303.4672,97417.336,307.31406,4.7846074,0.40106478,307.5254
CAU,1960,2,0.002939161,24196964,-0.002479128,-7.64E-05,3.40E-05,1.3300613,288.98605,301.08612,97521.14,303.66367,4.424497,0.45277917,304.1768
CAU,1960,3,0.000505103,22002468,-0.001310696,-8.45E-05,5.85E-06,1.3537219,282.373,300.8593,97798.836,303.76773,4.6434207,0.22330318,304.14075
CAU,1960,4,0.000546378,18065254,-0.00113015,-6.30E-05,6.32E-06,1.5002997,281.0129,296.6222,97999.57,298.85413,4.333082,0.26070264,299.65845
CAU,1960,5,0.000451601,14592173,-0.001253307,-4.01E-05,5.23E-06,1.0066898,278.5262,289.53122,98233.72,290.67633,4.30618,0.30323482,291.46033
CAU,1960,6,0.00019605,12292088,-0.000781637,-3.54E-05,2.27E-06,0.95766175,276.27878,288.1055,98531.03,289.07895,3.8833814,0.19229949,289.70084
CAU,1960,7,0.000691707,12429931,-0.000947988,-3.45E-05,8.01E-06,0.14634663,276.7244,287.87607,98363.805,288.69135,4.217197,0.26131842,289.04346
CAU,1960,8,7.52E-05,15797062,-0.000792283,-4.70E-05,8.71E-07,1.2168233,273.4086,288.631,98460.516,290.1484,3.9558454,0.11594758,290.51068
CAU,1960,9,0.000209904,19736904,-0.000910947,-6.54E-05,2.43E-06,1.2782855,275.30875,292.81543,98060.96,295.11823,4.8484354,0.15653124,295.28717
CAU,1960,10,0.000133272,23711202,-0.000855545,-8.73E-05,1.54E-06,1.5567492,276.06085,298.1384,98028.73,301.3031,4.8301287,0.22054917,301.37653
CAU,1960,11,0.000358532,26017902,-0.001069379,-9.82E-05,4.15E-06,1.4052773,276.91824,300.09055,97758.16,303.81613,4.926442,0.16938964,303.98877
CAU,1960,12,0.001028545,26257756,-0.001297414,-9.69E-05,1.19E-05,1.0903512,282.44742,301.78934,97571.484,305.751,4.936603,0.32358852,305.95773
CAU,1970,1,0.000103231,26302174,-0.000876813,-0.000109441,1.19E-06,1.8437989,279.1591,303.93863,97645.8,308.04184,4.9266253,0.22756357,308.3162
CAU,1970,2,0.000974337,24432184,-0.001119882,-9.92E-05,1.13E-05,0.9582275,282.6675,303.66437,97636.4,306.9629,5.189583,0.2920961,307.3867
CAU,1970,3,0.000188026,21900136,-0.000912756,-8.53E-05,2.18E-06,1.7990273,280.38632,300.82422,97801.38,304.08572,4.5034,0.1920466,304.72116
CAU,1970,4,0.000728483,18045100,-0.001152973,-6.30E-05,8.43E-06,1.1256448,279.55612,296.2261,98132.96,298.3231,4.2514467,0.33367944,299.08072
CAU,1970,5,0.000908236,14307255,-0.001403799,-4.05E-05,1.05E-05,1.1986704,278.73807,290.3844,98432.54,291.39407,4.525972,0.38204455,292.18088
CAU,1970,6,0.000216644,12151692,-0.000868565,-3.71E-05,2.51E-06,0.32979348,276.84662,289.32825,98352.79,290.0217,3.7232485,0.19743983,290.6388
CAU,1970,7,0.000106882,12605966,-0.000792953,-3.88E-05,1.24E-06,0.8286422,272.50955,287.22723,98723.53,288.01273,3.9818616,0.09873946,288.5316
CAU,1970,8,8.54E-05,15631423,-0.00077095,-4.97E-05,9.89E-07,1.2987219,272.64975,289.0801,98488.24,290.53647,4.5888877,0.13288417,290.9011
CAU,1970,9,0.000492461,19607564,-0.001123618,-6.10E-05,5.70E-06,0.9741806,275.46588,291.845,98024.91,293.97836,4.637528,0.20654401,294.18918
CAU,1970,10,9.92E-05,23714936,-0.000875822,-8.85E-05,1.15E-06,1.2032971,275.61768,298.20975,97874.53,301.26846,4.978182,0.17699423,301.3509
CAU,1970,11,0.000356504,25771424,-0.001126868,-9.44E-05,4.13E-06,1.4555898,278.49786,299.72836,97697.38,303.4155,4.9638357,0.29401234,303.6643
CAU,1970,12,0.000542493,26356138,-0.001211485,-0.000101004,6.28E-06,1.8066661,280.87653,302.25482,97380.97,306.0554,4.9700637,0.26030737,306.3392
CAU,1980,1,0.001515311,25962140,-0.001744443,-9.84E-05,1.75E-05,1.3273441,285.46216,303.51608,97359.07,307.15903,4.682565,0.36841294,307.31577
CAU,1980,2,0.002035719,24270188,-0.002136293,-8.65E-05,2.36E-05,1.5845958,287.04785,302.276,97406.14,304.95038,4.993419,0.3748676,305.31018
CAU,1980,3,0.000237922,21783382,-0.001128295,-9.02E-05,2.75E-06,1.8272325,282.5623,302.30795,97838.86,305.44675,4.597666,0.19239922,305.6964
CAU,1980,4,0.001137439,17972362,-0.001532074,-5.98E-05,1.32E-05,0.8593128,282.33298,296.70694,98097.56,298.72012,4.345702,0.36112657,299.35358
CAU,1980,5,0.000700411,14245544,-0.001115096,-4.39E-05,8.11E-06,0.84856856,281.4554,292.87796,98340.484,294.23917,3.7278426,0.37174717,294.7796
CAU,1980,6,0.001085957,12123835,-0.001371786,-3.18E-05,1.26E-05,0.7925261,279.2641,288.36978,98471.12,289.10535,4.3014455,0.32883212,289.8327
CAU,1980,7,0.000616259,12438634,-0.001220575,-3.13E-05,7.13E-06,0.9484747,277.88684,287.24353,98489.52,288.04248,3.9338164,0.2880427,288.62997
CAU,1980,8,0.000140268,15694123,-0.000909826,-4.91E-05,1.62E-06,0.8584921,275.8863,290.42117,98592.52,291.62857,4.1830735,0.12802875,291.87585
CAU,1980,9,3.62E-05,19845700,-0.000805407,-7.33E-05,4.19E-07,1.0742445,274.79062,295.5042,98292.81,297.7485,4.3865356,0.11487585,297.63525
CAU,1980,10,0.00029464,23746302,-0.001156805,-8.40E-05,3.41E-06,1.4686725,277.23315,296.8762,97949.516,300.2063,4.992842,0.16316803,300.26917
CAU,1980,11,0.000338362,25735206,-0.001170738,-9.85E-05,3.92E-06,1.181567,279.9669,301.23685,97699.18,305.16376,4.70822,0.2613555,305.09485
CAU,1980,12,0.000315389,26444568,-0.001133149,-0.000105974,3.65E-06,1.5063287,280.829,303.09436,97576.91,307.15518,4.7952642,0.2401775,307.20718
CAU,1990,1,0.001908372,25716652,-0.002125852,-9.47E-05,2.21E-05,1.1426059,287.1882,303.3618,97433.67,306.7759,4.791743,0.43431008,307.05167
CAU,1990,2,0.000422399,24654188,-0.001428577,-9.11E-05,4.89E-06,1.966006,283.62958,301.1921,97895.03,304.86047,4.503309,0.37726554,305.11194
CAU,1990,3,0.000667203,21740506,-0.001240556,-8.67E-05,7.72E-06,1.8284867,283.6919,301.66455,97797.44,304.7397,4.933599,0.24249353,305.05872
CAU,1990,4,0.001117282,17973140,-0.001338087,-5.72E-05,1.29E-05,1.5230505,282.91925,296.21527,98057.836,298.16623,4.186339,0.33043817,298.85968
CAU,1990,5,0.001283367,14374080,-0.001314662,-4.27E-05,1.49E-05,1.0346682,281.4659,292.57068,98245.48,293.71194,4.2739716,0.36810184,294.48828
CAU,1990,6,0.000362272,12175837,-0.001233314,-3.09E-05,4.19E-06,1.3469328,278.41385,287.63025,98510.63,288.56348,4.385243,0.29501563,289.19498
CAU,1990,7,0.000305803,12398788,-0.001058527,-3.46E-05,3.54E-06,0.694194,277.1329,287.81152,98378.414,288.56824,4.269321,0.25480476,288.9868
CAU,1990,8,0.000610658,15397311,-0.001063043,-4.41E-05,7.07E-06,1.1096838,276.8117,289.4268,98289.53,290.72736,4.3654675,0.25156748,290.9358
CAU,1990,9,7.21E-05,19727246,-0.000918698,-6.78E-05,8.34E-07,0.9565283,275.9171,293.55853,98478.27,295.7542,4.7058578,0.1308222,295.6216
CAU,1990,10,0.000236872,23687194,-0.001124689,-8.53E-05,2.74E-06,1.3356925,277.49908,297.4076,97993.89,300.65912,4.7922025,0.23647998,300.5625
CAU,1990,11,0.000104721,25769626,-0.001060907,-0.000104256,1.21E-06,1.7629597,278.96918,302.10425,97736.58,306.0317,4.9088645,0.21496975,305.84464
CAU,1990,12,0.000319312,26326828,-0.001269525,-0.000107099,3.70E-06,1.5779265,281.56454,303.40683,97508.97,307.57697,4.8521223,0.22630133,307.5726
CAU,2000,1,0.00167886,25982886,-0.002058637,-8.95E-05,1.94E-05,0.90921384,285.94513,301.50836,97469.72,304.7789,4.5038223,0.42724693,305.0241
CAU,2000,2,0.004129533,23850178,-0.002450449,-7.00E-05,4.78E-05,0.902212,290.82507,301.4408,97446.414,303.0771,4.9211564,0.5211628,303.6463
CAU,2000,3,0.002746969,21122144,-0.002531245,-6.22E-05,3.18E-05,0.98585194,290.1887,299.3078,97781.51,300.80743,4.675977,0.44209343,301.39862
CAU,2000,4,0.001836953,17508370,-0.002209113,-4.58E-05,2.13E-05,1.3778371,287.0415,295.09372,98126.66,296.21738,4.4843554,0.44968912,297.08475
CAU,2000,5,0.000365023,14489986,-0.0016886,-3.86E-05,4.22E-06,1.7681887,279.73383,289.32092,98656.516,290.2965,4.62859,0.2473155,290.94186
CAU,2000,6,0.000155084,12350989,-0.001163194,-3.36E-05,1.79E-06,0.8546404,277.32208,287.3004,98742.6,287.93802,4.380999,0.265554,288.33792
CAU,2000,7,0.000181197,12461880,-0.000961886,-3.51E-05,2.10E-06,0.4635016,277.69522,288.3305,98364.93,289.07565,3.7213602,0.22901046,289.32846
CAU,2000,8,0.000246026,15729181,-0.001008529,-4.57E-05,2.85E-06,1.1557298,276.01825,289.15958,98261.26,290.57428,4.221315,0.20830856,290.6215
CAU,2000,9,3.84E-05,19792442,-0.00085194,-7.15E-05,4.45E-07,1.0959669,276.5611,295.1667,98195.95,297.59326,4.3206983,0.17892995,297.09543
CAU,2000,10,0.000706006,23576844,-0.001352051,-7.69E-05,8.17E-06,1.5633038,279.7363,296.22787,97912.4,299.257,4.889996,0.25859812,299.3145
CAU,2000,11,0.001225753,25418066,-0.001767589,-8.51E-05,1.42E-05,1.1025829,284.65454,299.65176,97459.74,303.21414,4.539531,0.3018471,303.09207
CAU,2000,12,0.002187882,25954952,-0.001766099,-9.09E-05,2.53E-05,1.3331774,285.58887,301.76996,97390.54,304.82083,4.9973774,0.36342242,304.9254
CAU,2010,1,0.001534626,25980606,-0.00167076,-9.70E-05,1.78E-05,1.4433722,285.72055,303.5227,97445.97,306.96976,4.9262652,0.31433743,307.1309
CAU,2010,2,0.002206256,24209704,-0.001630914,-8.73E-05,2.55E-05,1.5003902,287.6737,302.9673,97605.62,306.28397,4.7900586,0.38218114,306.60406
CAU,2010,3,0.000638994,21637938,-0.001594186,-7.68E-05,7.40E-06,1.5020608,285.64383,300.32883,97990.91,302.87183,4.694754,0.30820113,303.20856
CAU,2010,4,0.000677826,17778874,-0.00137081,-5.96E-05,7.85E-06,0.9156507,285.1491,297.57593,98067.195,299.78015,4.0819054,0.3372624,300.20148
CAU,2010,5,0.000593527,14419539,-0.00127343,-4.26E-05,6.87E-06,1.0630634,280.33694,291.85657,98166.54,293.19305,4.1199255,0.2886225,293.74695
CAU,2010,6,0.000310259,12089909,-0.001023836,-3.43E-05,3.59E-06,1.4472334,278.1196,288.70917,98670.08,289.697,4.2317963,0.36340037,290.15616
CAU,2010,7,0.001025712,12279054,-0.001315336,-3.07E-05,1.19E-05,1.25196,278.6954,287.8121,98618.19,288.39905,4.343255,0.3665017,288.91547
CAU,2010,8,0.00053626,15505995,-0.00111902,-4.24E-05,6.21E-06,1.0631357,277.26865,289.02856,98385.19,290.1857,4.395969,0.2516321,290.48328
CAU,2010,9,0.001263125,19366466,-0.001679367,-5.25E-05,1.46E-05,1.899514,280.36615,292.01193,98376.99,293.5269,4.734094,0.3231751,293.801
CAU,2010,10,0.000988288,23365260,-0.001665025,-7.32E-05,1.14E-05,1.7450087,281.30338,296.0692,98100.27,298.7555,5.0143933,0.28738448,298.79883
CAU,2010,11,0.000969617,25534606,-0.001508695,-8.67E-05,1.12E-05,1.4544649,282.03427,299.12585,97814.79,302.62683,4.7243023,0.3263599,302.51233
CAU,2010,12,0.001818057,25937538,-0.00189282,-9.17E-05,2.10E-05,0.9687644,284.92358,301.5827,97287.945,304.82736,4.7856727,0.37185413,304.81314
CAU,2020,1,0.002119642,25809836,-0.00181412,-9.51E-05,2.45E-05,1.5584644,286.01886,303.53717,97458.2,307.05368,4.956192,0.39874446,307.51486
CAU,2020,2,0.001006259,24335238,-0.001520109,-9.41E-05,1.16E-05,1.8359396,285.64008,303.26797,97574.32,306.65298,4.661176,0.29983765,307.0895
CAU,2020,3,0.000983601,21619864,-0.001362711,-8.08E-05,1.14E-05,1.4548472,284.3604,301.1383,97912.51,304.0461,4.406602,0.2801247,304.4721
CAU,2020,4,0.000228816,17805590,-0.001001854,-6.66E-05,2.65E-06,1.3938608,281.92865,298.29227,98131.21,300.7568,4.1174765,0.3926775,301.2457
CAU,2020,5,0.000365998,14544276,-0.001067394,-4.60E-05,4.24E-06,1.2310545,276.19672,290.94598,98557.2,292.50034,4.3028703,0.30435264,293.0992
CAU,2020,6,0.000115854,12273935,-0.000699868,-3.86E-05,1.34E-06,0.85508627,276.25433,289.39194,98619.06,290.49475,3.9376848,0.17852142,290.8319
CAU,2020,7,0.000144597,12580049,-0.000725162,-3.94E-05,1.67E-06,1.3552588,274.6863,288.5497,98647.39,289.64606,4.1089954,0.1698173,289.96255
CAU,2020,8,0.000457498,15629853,-0.000927737,-4.99E-05,5.29E-06,0.8940366,275.6519,291.05984,98242.195,292.46082,4.3401165,0.20107955,292.6797
CAU,2020,9,0.000236355,19632882,-0.000844347,-7.23E-05,2.74E-06,0.91457987,276.6887,295.99808,98197.45,298.39502,4.675095,0.15176305,298.42383
CAU,2020,10,0.000437493,23676728,-0.001095495,-8.33E-05,5.06E-06,1.3746318,278.2529,297.50464,97952.75,300.7037,4.9676485,0.20298733,300.8803
CAU,2020,11,0.000153859,25672948,-0.000924002,-0.000103136,1.78E-06,1.0732507,280.05237,302.4952,97742.22,306.51147,4.956404,0.27422437,306.3868
CAU,2020,12,0.00215401,25998754,-0.001748659,-8.93E-05,2.49E-05,1.5872778,284.72705,301.50568,97565.26,304.59485,5.0227423,0.39549646,305.12726
EAU,1940,1,0.002024226,26893532,-0.002568655,-5.66E-05,2.34E-05,-0.68864155,289.48752,299.67474,98257.234,301.46915,4.0699744,0.5327479,301.3337
EAU,1940,2,0.003771255,24872080,-0.002747478,-4.85E-05,4.36E-05,-0.003122218,289.08057,298.40866,98424.914,299.94168,4.2465463,0.51024663,300.18045
EAU,1940,3,0.001489692,21847312,-0.0032227,-4.60E-05,1.72E-05,1.4267431,285.81686,296.3008,98955.31,297.90283,4.649335,0.30373678,298.14758
EAU,1940,4,0.00067088,17439656,-0.002413474,-3.79E-05,7.76E-06,0.8539075,284.74377,295.01376,99101.336,296.50418,4.3876395,0.30760738,296.6943
EAU,1940,5,0.001822568,13476697,-0.002289602,-2.40E-05,2.11E-05,1.541177,282.54535,290.56192,99219.86,291.71494,3.8587399,0.42461935,292.124
EAU,1940,6,0.001351249,11403787,-0.002160457,-1.76E-05,1.56E-05,1.218519,281.04092,287.9884,99524.81,288.96686,3.8061345,0.41242644,289.2664
EAU,1940,7,0.000890823,11937303,-0.001846667,-1.74E-05,1.03E-05,0.7107362,281.25668,287.48895,99426.4,288.14487,3.3481107,0.3078362,288.3676
EAU,1940,8,0.000444758,15212309,-0.0018764,-2.62E-05,5.15E-06,1.1516254,279.54547,288.1289,99412.23,289.2624,3.6814854,0.22901507,289.21777
EAU,1940,9,0.001390325,19508454,-0.001999834,-3.48E-05,1.61E-05,0.025322227,281.56836,290.93484,99172.13,292.09573,4.216892,0.32766095,292.10062
EAU,1940,10,0.001231538,23398252,-0.002078937,-4.52E-05,1.43E-05,-0.7929337,284.59933,294.46036,99100.34,295.9597,3.9718745,0.3984581,295.72668
EAU,1940,11,0.002429934,26044942,-0.002345913,-5.44E-05,2.81E-05,-0.5470196,284.7595,296.04996,98444.75,297.52222,4.096739,0.42906573,297.52222
EAU,1940,12,0.001265737,27469512,-0.002596211,-5.88E-05,1.46E-05,-0.7627903,286.82162,298.14163,98594.69,299.96072,4.088007,0.39208034,299.86786
EAU,1950,1,0.003301892,27008312,-0.003075608,-5.53E-05,3.82E-05,-0.05881407,288.44437,298.36432,98355.086,299.8786,4.389015,0.4536616,300.07352
EAU,1950,2,0.005712336,24594230,-0.003244691,-4.03E-05,6.61E-05,0.26253182,290.61606,297.159,98397.43,298.3482,4.0955505,0.58166134,298.63583
EAU,1950,3,0.005658316,21131490,-0.003019452,-2.80E-05,6.55E-05,0.4536308,291.10797,295.886,98653.836,296.6436,4.324898,0.65189826,297.01373
EAU,1950,4,0.003280222,17315536,-0.003856416,-2.41E-05,3.80E-05,1.9131284,287.29056,292.4079,99090.26,293.27872,4.2877364,0.45066562,293.68097
EAU,1950,5,0.001392332,13459151,-0.002716826,-2.08E-05,1.61E-05,1.3812612,284.44666,290.45255,98839.24,291.2242,3.6741405,0.42853832,291.58344
EAU,1950,6,0.003530614,11358556,-0.002758183,-1.33E-05,4.09E-05,2.101399,282.7538,287.3913,98954.125,288.2026,4.249795,0.51036227,288.6835
EAU,1950,7,0.00437355,11625157,-0.002206807,-1.07E-05,5.06E-05,0.8027348,284.17535,287.74002,99394.836,288.14633,4.2001863,0.64372075,288.31412
EAU,1950,8,0.001008338,15119557,-0.002963285,-2.05E-05,1.17E-05,1.5092736,280.94006,286.74045,99357.336,287.53665,3.9584985,0.31902173,287.77603
EAU,1950,9,0.001295975,19402920,-0.002743194,-3.09E-05,1.50E-05,-0.3868724,283.2559,290.30536,99301.75,291.07755,4.004143,0.3168934,291.02496
EAU,1950,10,0.002505108,23280160,-0.003077721,-3.41E-05,2.90E-05,-0.43988043,285.6738,292.3222,98848.35,293.0944,3.9515944,0.47929803,293.17444
EAU,1950,11,0.004666746,25665640,-0.0034256,-4.08E-05,5.40E-05,-0.1356194,287.20306,294.38562,98591.33,295.3235,4.1510496,0.53675807,295.46515
EAU,1950,12,0.001369211,27211634,-0.00367611,-5.17E-05,1.58E-05,0.38448554,288.55908,297.07983,98495.98,298.39273,4.5830812,0.3971868,298.3588
EAU,1960,1,0.002859718,26951848,-0.003327794,-5.40E-05,3.31E-05,-0.89318705,289.67017,298.65274,98705.8,300.04633,4.5891247,0.47248358,300.12158
EAU,1960,2,0.003059841,24727572,-0.003434701,-4.73E-05,3.54E-05,0.61000484,289.56628,298.1785,98562.29,299.67258,4.539485,0.57199734,300.00546
EAU,1960,3,0.001228391,21705008,-0.003191984,-4.25E-05,1.42E-05,1.3266389,287.23083,296.07953,98841.266,297.47415,4.1699066,0.35539705,297.67178
EAU,1960,4,0.001133018,17440514,-0.00281538,-3.54E-05,1.31E-05,0.24342757,284.68494,294.18332,98914.02,295.44788,4.0800953,0.32860765,295.7912
EAU,1960,5,0.001732427,13591559,-0.00337607,-2.12E-05,2.01E-05,1.0648295,281.58713,288.9195,98829.34,289.77338,4.736541,0.3849331,290.3352
EAU,1960,6,0.001001063,11546481,-0.002946513,-1.79E-05,1.16E-05,2.2828043,279.6883,286.69995,99408.23,287.63052,4.31124,0.32481802,288.0666
EAU,1960,7,0.001620792,11970326,-0.002880628,-1.71E-05,1.88E-05,0.41010886,280.07614,286.4811,99245.42,287.1696,4.616616,0.38869217,287.45187
EAU,1960,8,0.001001425,15325343,-0.002610094,-2.37E-05,1.16E-05,0.5178598,278.53558,286.62915,99188.836,287.56592,3.831056,0.25331843,287.7992
EAU,1960,9,0.000874315,19596230,-0.002439357,-3.63E-05,1.01E-05,-0.16718829,280.52502,290.40646,98835.29,291.3967,4.4820914,0.27063474,291.39392
EAU,1960,10,0.001237044,23492742,-0.00241138,-4.51E-05,1.43E-05,-0.20492886,283.23227,293.52478,98955.586,294.845,3.971113,0.37410995,294.75183
EAU,1960,11,0.001838142,26038568,-0.003117056,-4.98E-05,2.13E-05,-0.21686685,284.14825,294.72522,98722.34,296.12494,4.2157893,0.35829136,296.24493
EAU,1960,12,0.0019613,27371390,-0.002916809,-5.40E-05,2.27E-05,0.13500829,286.0363,296.51047,98703.11,298.18277,4.386932,0.4995914,298.24896
EAU,1970,1,0.00308856,26614784,-0.003225567,-5.46E-05,3.57E-05,-0.21305774,288.71127,298.14752,98544.59,299.77814,4.1836033,0.40610775,299.88507
EAU,1970,2,0.00215725,24562862,-0.003589556,-4.98E-05,2.50E-05,0.6183578,289.1657,297.88275,98719.414,299.43567,4.377147,0.421131,299.56274
EAU,1970,3,0.001818367,21510266,-0.003395293,-4.32E-05,2.10E-05,0.972684,286.79794,295.98846,98611.66,297.5098,4.1242995,0.38668346,297.7482
EAU,1970,4,0.001238075,17206004,-0.003046423,-3.30E-05,1.43E-05,0.7323299,285.5732,293.68323,99100.85,294.91464,4.2280216,0.35811543,295.15643
EAU,1970,5,0.000956129,13456629,-0.00303859,-2.31E-05,1.11E-05,1.9825112,281.15094,288.94943,99182,290.20117,4.1805415,0.34152967,290.53867
EAU,1970,6,0.00077452,11444428,-0.002542059,-1.91E-05,8.96E-06,0.7980528,279.89404,287.76257,99171.336,288.46542,3.9287543,0.29983923,288.7804
EAU,1970,7,0.000240994,12046006,-0.002469638,-2.02E-05,2.79E-06,1.2831228,277.2387,286.0841,99463.16,286.93704,3.963064,0.19359921,287.00284
EAU,1970,8,0.001016703,15133291,-0.002476784,-2.65E-05,1.18E-05,0.6648005,277.8829,287.48425,99111.32,288.4253,4.3307767,0.27653152,288.5389
EAU,1970,9,0.002357184,19376568,-0.002856443,-3.09E-05,2.73E-05,0.015912494,281.07095,289.47955,98864.33,290.3848,4.6283336,0.36422607,290.4948
EAU,1970,10,0.001207667,23418560,-0.002944959,-4.45E-05,1.40E-05,-0.35508385,284.1186,293.3545,98873.53,294.41653,4.4000177,0.3427543,294.34924
EAU,1970,11,0.002814612,25635434,-0.00322331,-4.58E-05,3.26E-05,0.015153841,286.57513,294.71112,98761.664,296.10544,4.3453674,0.4444702,296.0513
EAU,1970,12,0.004892269,26856180,-0.003219695,-4.72E-05,5.66E-05,-0.49941665,289.38983,296.69275,98312.74,297.91364,4.2008014,0.47892633,298.04922
EAU,1980,1,0.003319843,26746168,-0.003335549,-5.51E-05,3.84E-05,-0.78843105,289.81335,298.7387,98209.45,300.06927,4.3225226,0.45548669,300.14203
EAU,1980,2,0.003868011,24644650,-0.003777268,-4.91E-05,4.48E-05,0.7388928,290.03906,298.26096,98396.195,299.65454,4.716451,0.5080022,299.81613
EAU,1980,3,0.001180017,21568638,-0.003256673,-4.38E-05,1.37E-05,0.61172205,287.46686,296.7513,98767.05,298.05255,4.2035484,0.34382877,298.1214
EAU,1980,4,0.000702,17331162,-0.002836173,-3.46E-05,8.12E-06,0.9541753,284.92886,294.0213,99164.81,295.3723,4.2319913,0.3637758,295.53247
EAU,1980,5,0.003214445,13188680,-0.00238916,-2.08E-05,3.72E-05,0.869895,285.1049,291.1652,99243.22,292.00314,4.0029297,0.49835005,292.2845
EAU,1980,6,0.001099653,11447788,-0.002716626,-1.69E-05,1.27E-05,1.4961327,281.18378,287.5026,99228.445,288.28418,4.0394797,0.3334434,288.62155
EAU,1980,7,0.001188261,11984293,-0.002466898,-1.66E-05,1.38E-05,1.4581823,279.61847,286.33295,99184.1,287.1247,4.086965,0.3770313,287.31052
EAU,1980,8,0.000583102,15193273,-0.00243956,-2.47E-05,6.75E-06,0.4209547,280.47134,288.478,99522.44,289.01724,4.2563024,0.2692901,289.03323
EAU,1980,9,0.000136446,19813812,-0.002181206,-4.15E-05,1.58E-06,-0.3653521,279.7631,291.89917,99048.805,292.90506,4.1147275,0.13148983,292.50726
EAU,1980,10,0.00157481,23324422,-0.002415949,-4.45E-05,1.82E-05,-0.7884436,285.29547,294.48944,98824.74,295.6619,3.987722,0.3457385,295.65158
EAU,1980,11,0.000751718,25958862,-0.002730694,-5.79E-05,8.70E-06,-0.6425451,285.37332,296.66348,98701.78,298.29263,4.487903,0.2943428,298.13202
EAU,1980,12,0.002904692,27160150,-0.003299415,-5.42E-05,3.36E-05,-0.881495,288.26593,297.35062,98592.32,298.80325,4.34912,0.4260266,298.9745
EAU,1990,1,0.001511443,26789168,-0.003346745,-5.87E-05,1.75E-05,0.2729321,289.18884,298.95837,98500.734,300.45807,4.3810344,0.45033243,300.52133
EAU,1990,2,0.003756065,24625998,-0.003163756,-4.95E-05,4.35E-05,0.68496305,289.91977,298.20795,98627.66,299.40952,4.3007326,0.48070782,299.66357
EAU,1990,3,0.004391023,21287972,-0.003586778,-3.82E-05,5.08E-05,1.5580312,289.09778,296.45862,98816.11,297.2944,4.941354,0.52737147,297.66696
EAU,1990,4,0.006722015,16805048,-0.003333004,-1.85E-05,7.78E-05,0.42310235,289.24323,293.35126,98851.77,293.62543,4.1845126,0.61983997,294.34683
EAU,1990,5,0.003715832,13217063,-0.002913151,-1.70E-05,4.30E-05,1.0833706,286.14203,290.55713,99139.95,291.0243,4.022902,0.5320041,291.3491
EAU,1990,6,0.002017201,11328118,-0.003243718,-1.35E-05,2.33E-05,1.7192941,282.1404,286.83295,99249.62,287.5698,4.4630523,0.39892787,287.93924
EAU,1990,7,0.001675051,11813162,-0.002614376,-1.47E-05,1.94E-05,0.28776363,281.52448,286.6281,99148.484,287.1735,4.0348134,0.35845295,287.30856
EAU,1990,8,0.001518682,15153443,-0.003288344,-2.17E-05,1.76E-05,0.8434702,279.28775,286.65387,98806.3,287.4293,4.70767,0.29858875,287.46338
EAU,1990,9,0.000780641,19405978,-0.002925971,-3.03E-05,9.03E-06,0.90994674,281.97552,289.4462,99414.28,290.33298,4.3410473,0.35803303,290.08765
EAU,1990,10,0.001198232,23339582,-0.002913771,-4.28E-05,1.39E-05,-0.23322134,284.68674,293.0868,98906.81,294.0073,4.3948646,0.32796758,293.7375
EAU,1990,11,0.000663108,25899202,-0.003258426,-5.62E-05,7.67E-06,0.110150784,285.67667,296.1756,98701.84,297.6501,4.304749,0.2868011,297.38968
EAU,1990,12,0.003401026,26892272,-0.003166514,-5.62E-05,3.94E-05,-1.0977933,289.75967,298.8159,98443.11,300.03568,4.3630366,0.45043752,299.9265
EAU,2000,1,0.001758735,26856736,-0.003646525,-5.02E-05,2.04E-05,0.7192526,288.6599,296.89633,98506.28,298.07742,4.365291,0.4453466,298.06912
EAU,2000,2,0.003171359,24599136,-0.003582974,-4.03E-05,3.67E-05,-0.23319732,289.91672,297.09042,98900.22,297.63495,5.1133943,0.55154693,297.91415
EAU,2000,3,0.002621106,21120698,-0.003393625,-3.47E-05,3.03E-05,0.49638546,290.7304,296.57703,98886.58,297.21362,4.094235,0.5036341,297.45862
EAU,2000,4,0.002624631,16861526,-0.003360619,-2.47E-05,3.04E-05,1.2498064,287.91608,293.3884,99196.33,294.08234,4.5461135,0.591472,294.4451
EAU,2000,5,0.00188952,13213266,-0.003231963,-1.74E-05,2.19E-05,1.4762784,284.33002,289.62283,99249.95,290.32214,4.56429,0.43295157,290.6147
EAU,2000,6,0.001672356,11410397,-0.003005376,-1.45E-05,1.94E-05,1.834614,281.02243,286.4993,99512.17,287.29956,4.4861712,0.46943092,287.3779
EAU,2000,7,0.000726335,12027654,-0.002574409,-1.72E-05,8.41E-06,1.0729812,279.6728,286.22968,99171.79,287.0094,3.804343,0.2936627,286.8241
EAU,2000,8,0.00106081,15196792,-0.002665711,-2.31E-05,1.23E-05,0.17545073,280.02094,287.64893,99018.08,288.32446,4.209145,0.34404647,288.16135
EAU,2000,9,0.000473076,19595874,-0.002423999,-3.89E-05,5.47E-06,-0.6063562,281.96848,291.83362,98998.516,292.65024,4.1358914,0.26019835,292.04257
EAU,2000,10,0.00269599,23279382,-0.002963872,-3.72E-05,3.12E-05,-0.36959207,284.90027,292.9968,98874.28,293.74225,4.462302,0.44438404,293.82617
EAU,2000,11,0.004526378,25184434,-0.003626386,-3.32E-05,5.24E-05,-0.66806096,289.0385,294.68674,98627.08,294.91907,4.109506,0.6246623,295.16855
EAU,2000,12,0.002359083,27150838,-0.003773643,-5.00E-05,2.73E-05,-0.16340218,288.78934,297.13654,98522.65,298.14224,3.9897692,0.48511717,298.1604
EAU,2010,1,0.003054576,26578122,-0.003753655,-4.98E-05,3.54E-05,-0.21159938,290.46054,298.64706,98514.97,299.6479,4.2640386,0.4832132,299.60385
EAU,2010,2,0.004760774,24156142,-0.003890865,-3.55E-05,5.51E-05,-0.1511864,292.51193,297.7669,98737.37,298.25455,4.351148,0.6159928,298.56332
EAU,2010,3,0.003748606,21223332,-0.004124659,-3.28E-05,4.34E-05,0.8541264,290.16626,296.08447,99061.48,296.66382,4.7106214,0.5041008,296.85718
EAU,2010,4,0.001448264,17010244,-0.003327115,-2.79E-05,1.68E-05,1.0614778,287.92328,293.96936,99128.27,295.01013,4.022774,0.49389857,294.9859
EAU,2010,5,0.001947957,13370295,-0.003163294,-2.05E-05,2.25E-05,1.2995408,283.21564,289.7598,99014.8,291.08896,3.8205392,0.40712878,290.97702
EAU,2010,6,0.001068684,11316259,-0.002976042,-1.51E-05,1.24E-05,1.7634432,281.84387,287.45746,99430.92,288.61685,4.115,0.477069,288.5224
EAU,2010,7,0.002001271,11643128,-0.002622284,-1.43E-05,2.32E-05,1.0805924,282.64603,287.69174,99542.64,288.41452,4.1500444,0.5423393,288.38806
EAU,2010,8,0.002344317,15027061,-0.003266038,-1.98E-05,2.71E-05,0.42790452,281.0898,287.4412,99083.86,288.20865,4.4606886,0.37012497,288.25528
EAU,2010,9,0.002896656,18928702,-0.002863161,-2.39E-05,3.35E-05,0.19422759,285.40182,290.8783,99146.984,291.37265,3.9279625,0.52478045,291.33652
EAU,2010,10,0.002915948,22993522,-0.003558497,-3.23E-05,3.37E-05,0.28507414,286.57617,292.5475,99120.12,293.2467,4.506516,0.5201336,293.15933
EAU,2010,11,0.004815277,25151054,-0.003663992,-3.29E-05,5.57E-05,-0.47866723,288.6539,294.26355,98943.74,294.922,4.568768,0.6737262,294.93597
EAU,2010,12,0.007388162,26432646,-0.003860163,-3.54E-05,8.55E-05,-0.63912845,291.295,296.34082,98389.61,296.65982,4.218393,0.6478496,296.8276
EAU,2020,1,0.002964841,26506664,-0.00275002,-5.69E-05,3.43E-05,-1.1362507,290.536,300.29623,98463.29,301.84286,4.203338,0.48201615,301.85428
EAU,2020,2,0.00619239,24283320,-0.003646936,-4.03E-05,7.17E-05,-0.13813393,291.98572,298.28177,98422.25,299.31384,3.8178453,0.49639055,299.72498
EAU,2020,3,0.003095617,21224268,-0.004156465,-3.65E-05,3.58E-05,1.220418,289.41534,296.07532,98957.72,297.19855,4.5571594,0.45823643,297.33893
EAU,2020,4,0.001451671,17126274,-0.003117685,-3.11E-05,1.68E-05,0.03579753,286.49838,293.99023,98957.85,295.0807,3.9398606,0.39416853,295.1149
EAU,2020,5,0.001472981,13365015,-0.003258826,-2.13E-05,1.70E-05,1.5316448,282.62228,289.38007,99332.71,290.73984,4.412137,0.42094457,290.72183
EAU,2020,6,0.001143858,11347022,-0.002601548,-1.66E-05,1.32E-05,1.4519705,282.20413,288.03305,99496.87,289.13364,4.1406636,0.3960661,288.99805
EAU,2020,7,0.001750388,11896838,-0.002541557,-1.69E-05,2.03E-05,1.8154972,280.97006,287.08408,99323.78,288.17093,4.2471237,0.40036708,287.92368
EAU,2020,8,0.001595061,15213682,-0.002768426,-2.41E-05,1.85E-05,0.24017797,279.9288,287.94772,99001.21,288.98547,4.3119774,0.28884906,288.66626
EAU,2020,9,0.001022409,19352562,-0.002498303,-3.42E-05,1.18E-05,-0.47187367,283.45654,291.7,99338.76,292.73373,4.6067815,0.3585583,292.3808
EAU,2020,10,0.001935349,23374942,-0.002530657,-4.31E-05,2.24E-05,-0.7168519,285.09076,294.02908,98909.81,295.27188,4.2296114,0.36593097,294.94565
EAU,2020,11,0.000530228,25913238,-0.002913441,-5.78E-05,6.14E-06,-0.4661976,286.0007,297.26443,98830.805,298.92908,4.555798,0.33950502,298.45358
EAU,2020,12,0.003809799,26860544,-0.00323012,-5.07E-05,4.41E-05,-0.12617174,289.18356,297.85873,98577.45,299.36475,4.523011,0.57848513,299.44452
NAU,1940,1,0.009044634,25120844,-0.00455053,-1.71E-05,0.000104683,-0.609092,296.09802,299.8293,99820.055,301.5729,4.7232814,0.8316358,302.00403
NAU,1940,2,0.01127879,24514576,-0.004444942,-1.71E-05,0.000130541,-0.51388454,296.2954,299.85098,99813.01,301.21802,5.3546786,0.8372199,301.5635
NAU,1940,3,0.007524479,23085536,-0.004711382,-2.30E-05,8.71E-05,0.7374882,294.77704,300.1718,100091.01,301.8975,5.0737386,0.6632124,302.21036
NAU,1940,4,0.002546011,20434522,-0.004437449,-2.41E-05,2.95E-05,1.8843107,292.95312,300.10413,100346.805,301.40408,5.236301,0.39707172,301.69107
NAU,1940,5,0.000965298,17466924,-0.005123318,-2.35E-05,1.12E-05,2.7018697,288.89227,298.60135,100503.414,299.62128,5.995492,0.332138,299.99716
NAU,1940,6,0.000906784,15511349,-0.004166726,-1.97E-05,1.05E-05,2.164293,289.24884,297.14645,100688.59,298.21777,5.9653926,0.33150032,298.5046
NAU,1940,7,0.000407272,16060230,-0.004042225,-1.99E-05,4.71E-06,2.3795357,287.57928,296.30743,100804.36,297.46188,5.459154,0.27455693,297.77704
NAU,1940,8,0.000384916,18468662,-0.003291933,-2.41E-05,4.45E-06,2.7004504,287.6132,296.59766,100704.18,297.68112,5.5271654,0.2863344,297.88788
NAU,1940,9,0.000424571,21399606,-0.003336714,-2.61E-05,4.91E-06,1.7082933,289.65775,298.02875,100633.79,299.67532,5.0921984,0.37342516,299.86337
NAU,1940,10,0.00027252,24052194,-0.003697619,-2.97E-05,3.15E-06,1.4851665,291.1576,299.51044,100578.05,301.39484,5.236254,0.24105252,301.54675
NAU,1940,11,0.00065093,25200616,-0.002983929,-3.26E-05,7.53E-06,0.7004801,292.34332,300.93524,100147.64,302.8326,4.333839,0.3129752,302.98767
NAU,1940,12,0.001629322,25249094,-0.003672159,-2.79E-05,1.89E-05,0.41901395,294.7399,301.25787,100193.7,303.2945,4.0442104,0.41073406,303.50284
NAU,1950,1,0.01196442,25066060,-0.004585917,-2.10E-05,0.000138476,-0.72987455,296.26727,300.22476,99800.26,302.15436,4.757257,0.8141013,302.42734
NAU,1950,2,0.010712615,24517248,-0.004518513,-1.82E-05,0.000123988,-0.39073378,296.55368,300.24017,99789.26,301.77408,4.967233,0.82742316,302.03262
NAU,1950,3,0.005240871,23103046,-0.003726347,-2.14E-05,6.07E-05,0.38340616,295.5443,300.4834,99960.59,302.03247,4.2785454,0.5997088,302.27286
NAU,1950,4,0.003917644,20414138,-0.004487327,-2.31E-05,4.53E-05,2.0418277,292.75482,299.92172,100174.23,301.32892,5.0051003,0.45320585,301.66263
NAU,1950,5,0.001961608,17281074,-0.003545384,-2.02E-05,2.27E-05,1.4421182,291.52942,298.7056,100321.79,300.08026,4.34322,0.34763247,300.3894
NAU,1950,6,0.001342253,15383398,-0.004772957,-1.71E-05,1.55E-05,2.82619,289.45145,296.6342,100451.54,297.9229,5.8579044,0.32500517,298.34198
NAU,1950,7,0.001292416,15846944,-0.004668017,-1.86E-05,1.50E-05,3.109794,288.3207,296.4161,100582.85,297.52692,6.1188326,0.32385156,297.83395
NAU,1950,8,0.000735261,18248440,-0.004132852,-2.37E-05,8.51E-06,3.0845544,287.78915,297.01746,100597.61,298.01727,5.9025197,0.29005083,298.2853
NAU,1950,9,0.000569375,21287494,-0.003278615,-2.64E-05,6.59E-06,1.9773667,290.32846,298.60587,100529.445,299.95703,5.218117,0.29259765,300.10837
NAU,1950,10,0.001216125,23606140,-0.003236426,-2.75E-05,1.41E-05,1.3114319,292.71835,299.82947,100333.85,301.52054,4.4852943,0.35774693,301.7581
NAU,1950,11,0.002843811,24668484,-0.003282185,-2.78E-05,3.29E-05,0.5038176,294.09125,300.5323,100022.95,302.42288,3.924792,0.51336575,302.61115
NAU,1950,12,0.007665931,24812222,-0.004774045,-2.14E-05,8.87E-05,0.42531645,295.22675,300.2661,99838.63,301.8877,5.414462,0.7107857,302.20956
NAU,1960,1,0.00828622,25202924,-0.004460604,-2.24E-05,9.59E-05,-0.11760435,296.07907,300.6662,99952.21,302.60168,4.7240067,0.6910482,302.93082
NAU,1960,2,0.007962382,24573186,-0.004324737,-1.98E-05,9.22E-05,-0.07748773,296.3612,300.459,99962.484,302.18826,4.245044,0.72194856,302.49548
NAU,1960,3,0.006184752,23122472,-0.004600975,-2.17E-05,7.16E-05,1.0425738,295.01807,300.35257,100097.49,301.97693,4.7518096,0.64045185,302.31247
NAU,1960,4,0.002671664,20348344,-0.004485605,-2.32E-05,3.09E-05,1.7887197,293.48904,300.437,100249.375,301.8997,4.8229766,0.47316623,302.2293
NAU,1960,5,0.002405565,17158670,-0.00493398,-1.77E-05,2.78E-05,2.241115,291.14334,297.6285,100389.24,298.95374,5.421089,0.4856357,299.358
NAU,1960,6,0.000981681,15556408,-0.005262875,-1.93E-05,1.14E-05,3.0109856,287.83844,296.75455,100652.164,297.8636,6.0506887,0.37941995,298.2057
NAU,1960,7,0.000499412,15938527,-0.004877471,-1.95E-05,5.78E-06,2.709299,287.88107,296.5831,100647.33,297.7657,6.0396147,0.33628818,298.0367
NAU,1960,8,0.000277025,18332596,-0.003892757,-2.31E-05,3.21E-06,2.626052,286.93,296.51633,100653.84,297.58527,5.5090647,0.3485617,297.83304
NAU,1960,9,0.000366662,21342190,-0.003344048,-2.81E-05,4.24E-06,2.0547795,289.45352,298.4849,100418.555,299.84937,4.966776,0.28778562,300.00803
NAU,1960,10,0.000484997,23915490,-0.002905988,-3.13E-05,5.61E-06,1.4497861,291.58105,300.09613,100400.22,301.78824,4.708499,0.31635734,301.9138
NAU,1960,11,0.001081006,24907224,-0.003382535,-3.13E-05,1.25E-05,1.0607435,292.97168,300.90408,100213.3,302.74246,4.441104,0.37034276,302.9452
NAU,1960,12,0.003776961,25044988,-0.004255027,-2.63E-05,4.37E-05,0.7279086,294.67862,300.92477,100075.37,302.85434,4.70062,0.57438475,303.13684
NAU,1970,1,0.00317483,25264674,-0.00350001,-3.09E-05,3.67E-05,0.012630384,294.8209,301.91684,100103.71,303.9777,4.019351,0.46684548,304.17346
NAU,1970,2,0.007689021,24390120,-0.004167293,-2.58E-05,8.90E-05,0.22963263,295.88394,301.36826,100005.21,303.04272,5.033205,0.6338159,303.32742
NAU,1970,3,0.004406426,22975056,-0.003766746,-2.62E-05,5.10E-05,1.0085306,294.5855,301.19238,100073.24,302.87128,4.0791574,0.52511513,303.20142
NAU,1970,4,0.002239428,20255754,-0.004037909,-2.48E-05,2.59E-05,1.6573805,292.99222,300.45322,100354.484,301.9849,4.793204,0.41720495,302.29233
NAU,1970,5,0.002238785,17082556,-0.005274563,-2.26E-05,2.59E-05,2.4610887,290.59875,299.03784,100448.18,300.2632,6.260792,0.446551,300.6419
NAU,1970,6,0.000621174,15416039,-0.004683203,-2.08E-05,7.19E-06,2.9133303,288.90186,298.02283,100583.02,299.01178,5.74722,0.3172123,299.3678
NAU,1970,7,0.00058763,15995348,-0.005592441,-2.13E-05,6.80E-06,3.4600003,285.99982,296.46988,100765.38,297.48203,6.5919576,0.32936564,297.85397
NAU,1970,8,0.000930737,18312552,-0.004189232,-2.44E-05,1.08E-05,2.9352183,286.93015,297.07376,100575.74,298.0486,5.800677,0.3222999,298.31662
NAU,1970,9,0.000399065,21130336,-0.003178384,-2.88E-05,4.62E-06,2.0949044,289.76144,298.93048,100365.234,300.24832,5.0845647,0.28632388,300.39017
NAU,1970,10,0.0011809,23712690,-0.002921465,-3.20E-05,1.37E-05,1.8368204,291.82687,300.5101,100211.82,302.06827,5.0037656,0.32445386,302.20227
NAU,1970,11,0.002007994,24675314,-0.003350509,-2.98E-05,2.32E-05,0.92652756,293.57083,301.01294,100101.76,303.0688,4.063398,0.42001784,303.29413
NAU,1970,12,0.004610038,24873580,-0.003967943,-2.80E-05,5.34E-05,0.17592363,295.16708,301.32178,99801.79,303.24078,4.5449142,0.57230735,303.47858
NAU,1980,1,0.007982747,24971024,-0.004047714,-2.35E-05,9.24E-05,-0.99217683,296.74326,301.22943,99880.74,302.87302,4.701115,0.7919497,303.13992
NAU,1980,2,0.009842391,24345496,-0.004429849,-1.85E-05,0.000113916,-0.5629915,296.97363,300.69797,99884.984,301.99783,5.1100903,0.77156335,302.32355
NAU,1980,3,0.005997478,22961520,-0.003814254,-2.42E-05,6.94E-05,0.708966,295.58533,300.97403,100089.29,302.46606,4.445871,0.60502815,302.73193
NAU,1980,4,0.001881774,20212214,-0.00433586,-2.39E-05,2.18E-05,1.4534125,293.6359,300.31058,100338.914,301.6412,5.364477,0.42746085,301.88367
NAU,1980,5,0.000991139,17192826,-0.003937556,-2.15E-05,1.15E-05,2.2814074,292.07974,299.29272,100496.52,300.25858,5.4470425,0.29657835,300.5102
NAU,1980,6,0.000404365,15535710,-0.004623762,-1.98E-05,4.68E-06,2.4352436,289.31647,297.55112,100623.34,298.6564,5.780569,0.28390884,298.95517
NAU,1980,7,0.000443769,15964387,-0.004233708,-1.95E-05,5.14E-06,2.522407,287.69064,296.31433,100669.51,297.43948,5.590918,0.3291983,297.73724
NAU,1980,8,0.000379326,18293386,-0.004068265,-2.34E-05,4.39E-06,2.8101065,288.75662,297.32526,100732.09,298.28104,6.223778,0.33211783,298.49002
NAU,1980,9,0.000132221,21603866,-0.003296295,-2.94E-05,1.53E-06,1.6860094,289.2762,298.50443,100633.586,299.73813,4.9670734,0.24379876,299.87244
NAU,1980,10,0.00031303,23842660,-0.003281456,-3.01E-05,3.62E-06,1.0358446,292.22668,300.1611,100381.47,301.86206,4.5517836,0.2926496,301.99496
NAU,1980,11,0.000797738,24836588,-0.003267127,-3.20E-05,9.23E-06,0.98792326,293.67407,301.2584,100204.66,303.1726,4.415135,0.30772814,303.30627
NAU,1980,12,0.003387951,24899088,-0.003298816,-2.80E-05,3.92E-05,0.098523974,295.4398,301.4173,100030.016,303.26718,3.9201968,0.56727797,303.47723
NAU,1990,1,0.006602136,25087518,-0.004048734,-2.60E-05,7.64E-05,-0.13742124,296.27673,301.36807,99924.48,303.2076,4.89647,0.68369323,303.44598
NAU,1990,2,0.002772906,24912186,-0.00358578,-2.84E-05,3.21E-05,0.44824404,294.9638,301.68747,100224.55,303.54916,3.7156286,0.44907877,303.76596
NAU,1990,3,0.005868445,22939522,-0.003816878,-2.56E-05,6.79E-05,0.36009064,295.69022,301.5518,100052.92,303.06726,5.027496,0.58020955,303.28915
NAU,1990,4,0.00221383,20379350,-0.004072453,-2.35E-05,2.56E-05,1.5888926,293.28848,300.71478,100261.92,302.19547,4.421367,0.35728207,302.53033
NAU,1990,5,0.002583859,17099756,-0.004657236,-2.05E-05,2.99E-05,2.2375941,292.3403,299.49838,100376.18,300.68478,5.926528,0.46379703,301.02567
NAU,1990,6,0.001530103,15342055,-0.004959669,-1.79E-05,1.77E-05,3.0113757,289.385,297.14325,100567.83,298.40527,6.0110064,0.37933853,298.73123
NAU,1990,7,0.000623075,15725698,-0.003789007,-1.92E-05,7.21E-06,2.721915,289.14325,296.9131,100618.69,297.95828,5.6591296,0.35777068,298.17172
NAU,1990,8,0.00023859,18412252,-0.004087869,-2.30E-05,2.76E-06,1.9602683,287.4734,296.80093,100632.266,298.20602,4.9812317,0.26631096,298.38934
NAU,1990,9,0.000484453,21410474,-0.00393041,-2.81E-05,5.61E-06,2.6553354,288.70206,297.97018,100686.68,299.1837,5.8917894,0.29919198,299.37192
NAU,1990,10,0.00032237,23878356,-0.00313192,-3.15E-05,3.73E-06,1.352622,291.84424,300.3185,100432.94,301.9293,4.827006,0.3221779,302.01953
NAU,1990,11,0.000580732,24845944,-0.003132927,-3.21E-05,6.72E-06,0.7577929,294.0183,301.58914,100170.9,303.36484,4.642461,0.3101361,303.4702
NAU,1990,12,0.004869288,24767532,-0.003759719,-2.82E-05,5.64E-05,-0.09168544,295.6915,301.8123,99986.16,303.51245,4.827705,0.5772109,303.70944
NAU,2000,1,0.006432727,25102684,-0.004234214,-2.43E-05,7.45E-05,0.09949218,295.87357,301.0111,99924,302.8621,4.09563,0.70541084,303.1099
NAU,2000,2,0.010507688,24239894,-0.003929706,-1.74E-05,0.000121616,-0.8505448,297.07776,300.6339,99899.63,301.95554,4.707009,0.8455872,302.34302
NAU,2000,3,0.00844703,22657938,-0.004044958,-1.78E-05,9.78E-05,0.15506469,296.4106,300.2366,100057.94,301.48163,4.5079293,0.7110217,301.8319
NAU,2000,4,0.006202059,19823122,-0.004195982,-1.76E-05,7.18E-05,1.4110376,295.78107,300.0497,100192.27,301.3358,4.968536,0.6564912,301.69913
NAU,2000,5,0.002200441,17081228,-0.005792143,-1.95E-05,2.55E-05,3.4003239,291.49753,298.10202,100533.37,299.3229,6.7566633,0.45063132,299.62357
NAU,2000,6,0.001186224,15476265,-0.005776386,-1.68E-05,1.37E-05,3.528724,288.70154,295.9613,100700.69,296.99374,7.171091,0.47591567,297.25995
NAU,2000,7,0.000245306,16030693,-0.004359921,-1.85E-05,2.84E-06,2.3880825,288.1009,296.0334,100645.766,297.05948,5.4576,0.35186613,297.18665
NAU,2000,8,0.000265894,18332186,-0.003609687,-2.25E-05,3.08E-06,2.3235872,288.69254,296.96262,100561.02,298.00845,5.167098,0.42199674,298.03128
NAU,2000,9,0.000286448,21427908,-0.003196306,-2.82E-05,3.32E-06,1.9015801,290.62537,298.75433,100544.516,300.01724,5.0504327,0.36149803,299.99646
NAU,2000,10,0.001530954,23565704,-0.003317238,-2.58E-05,1.77E-05,1.3959764,293.2319,299.76047,100250.53,301.15292,4.523122,0.4320975,301.3074
NAU,2000,11,0.002560483,24539262,-0.003759579,-2.71E-05,2.96E-05,0.6457819,294.87082,300.8054,99981.164,302.63864,4.1494727,0.47042593,302.73303
NAU,2000,12,0.006950538,24616188,-0.004144892,-2.02E-05,8.04E-05,0.14659783,296.09268,300.48715,99835.92,301.50003,5.331601,0.726304,301.85825
NAU,2010,1,0.008565617,24965830,-0.004565424,-2.20E-05,9.91E-05,-0.16104057,296.48965,301.18854,99882.57,302.54236,5.5785255,0.7770849,302.87457
NAU,2010,2,0.004779444,24542400,-0.003916549,-2.25E-05,5.53E-05,-0.14811507,296.78976,301.49573,100073.89,303.04468,4.3192334,0.5601482,303.30542
NAU,2010,3,0.004139836,22976568,-0.004170631,-2.41E-05,4.79E-05,1.3253605,295.8585,301.42606,100206.89,302.90808,4.513576,0.5529004,303.12674
NAU,2010,4,0.004466199,19901496,-0.003920716,-2.06E-05,5.17E-05,1.2251729,295.43262,300.806,100308.234,302.32593,4.590812,0.63528585,302.599
NAU,2010,5,0.002267779,16891246,-0.004800971,-1.83E-05,2.62E-05,2.304236,293.02948,299.4374,100357.1,300.47232,5.6114483,0.54880136,300.7854
NAU,2010,6,0.000893484,15303101,-0.00539325,-1.91E-05,1.03E-05,3.1352339,289.8599,297.71716,100644.06,298.70374,6.558472,0.3981464,298.91406
NAU,2010,7,0.001363901,15445995,-0.004495844,-1.82E-05,1.58E-05,3.0780702,291.29956,297.80695,100641.57,298.6026,6.8752837,0.47037542,298.80676
NAU,2010,8,0.000757733,17919874,-0.003862214,-2.24E-05,8.77E-06,2.5786264,290.0454,297.7733,100566.96,298.86636,5.9023647,0.35736677,298.9855
NAU,2010,9,0.001115546,20772106,-0.003490913,-2.60E-05,1.29E-05,2.3118496,292.72568,299.66064,100457.3,300.85596,5.905496,0.41711065,300.9282
NAU,2010,10,0.002550223,23321228,-0.003557538,-2.66E-05,2.95E-05,1.8128521,293.78317,300.37643,100269.58,301.8472,5.0262237,0.4852857,302.0041
NAU,2010,11,0.003363475,24528586,-0.003546007,-2.83E-05,3.89E-05,1.0283662,294.31747,301.02637,100121.51,302.91614,4.2908993,0.50792617,303.03238
NAU,2010,12,0.007531647,24513134,-0.004057364,-2.31E-05,8.72E-05,-0.83283556,296.22095,301.28955,99781.07,303.2599,4.195033,0.75618184,303.50366
NAU,2020,1,0.006690461,25024180,-0.004185977,-2.47E-05,7.74E-05,-0.38061082,296.9048,301.94888,99973.43,303.64386,5.0116205,0.7035608,303.97614
NAU,2020,2,0.006905832,24442430,-0.004243589,-2.32E-05,7.99E-05,-0.32314977,297.08505,301.85797,99995.39,303.20367,4.8258176,0.69627064,303.54984
NAU,2020,3,0.004930393,22901152,-0.004152056,-2.53E-05,5.71E-05,0.8713951,295.81674,301.64893,100198.695,303.08124,4.444757,0.57004046,303.33435
NAU,2020,4,0.001657023,20173212,-0.003971225,-2.54E-05,1.92E-05,1.3895106,294.1671,301.34485,100387.85,302.8892,4.419617,0.42749086,303.09616
NAU,2020,5,0.002075623,17057368,-0.005721356,-2.11E-05,2.40E-05,2.777014,290.41556,298.74277,100603.08,299.9553,6.520104,0.5164482,300.26172
NAU,2020,6,0.000789263,15380881,-0.004712858,-2.02E-05,9.13E-06,3.0681438,289.56085,297.91815,100671.77,298.84088,6.3400517,0.32649177,299.03403
NAU,2020,7,0.000584024,15981532,-0.005012081,-2.16E-05,6.76E-06,3.2112668,287.19467,296.97107,100660.875,297.96066,6.4752455,0.3225034,298.09598
NAU,2020,8,0.000394745,18327210,-0.003512537,-2.43E-05,4.57E-06,2.157128,288.5539,297.80713,100592.6,299.00793,5.1706614,0.3422481,299.05017
NAU,2020,9,0.000433673,21214116,-0.003124582,-2.84E-05,5.02E-06,2.0933924,291.37387,299.62146,100528.805,300.98035,5.4095106,0.29613453,301.04007
NAU,2020,10,0.000659843,23780888,-0.003435876,-3.04E-05,7.64E-06,1.6102749,292.1691,300.43033,100336.33,302.14362,5.0008044,0.3609092,302.28906
NAU,2020,11,0.0009774,24778206,-0.00332645,-3.25E-05,1.13E-05,1.0132492,294.12762,301.9865,100232.76,303.94412,4.605109,0.37782946,304.03394
NAU,2020,12,0.006549653,24713930,-0.003943858,-2.27E-05,7.58E-05,-0.22429302,296.2649,301.36856,99968.76,303.071,4.246325,0.70211154,303.46066
SAU,1940,1,0.000914716,27829880,-0.002461241,-2.75E-05,1.06E-05,1.297737,282.97284,290.76816,100238.64,292.30194,5.965211,0.44981223,292.48175
SAU,1940,2,0.000397709,24856636,-0.002246517,-2.79E-05,4.60E-06,1.2655005,283.31042,291.56918,100608.13,292.9907,6.04216,0.39259,293.16632
SAU,1940,3,0.000439965,19876158,-0.001851301,-2.26E-05,5.09E-06,0.39875236,283.02786,291.05594,100900.84,292.16083,5.4800034,0.47726443,292.3772
SAU,1940,4,0.000610478,14230542,-0.002342963,-1.49E-05,7.07E-06,0.88745844,282.5991,289.42627,101210.125,290.5926,5.6969132,0.57762957,290.87363
SAU,1940,5,0.001512342,10054549,-0.002398733,-8.83E-06,1.75E-05,-0.20766342,281.42264,287.0983,101221.12,287.99918,5.9355884,0.58527523,288.33463
SAU,1940,6,0.002146902,7910813.5,-0.002402859,-6.05E-06,2.48E-05,-1.5493357,280.08694,285.25656,101176.73,286.00476,6.231932,0.56991124,286.27707
SAU,1940,7,0.002305926,8537799,-0.002557745,-5.58E-06,2.67E-05,-1.8525767,280.287,284.74103,100923.664,285.45447,6.7240467,0.5652208,285.67798
SAU,1940,8,0.001394387,11855205,-0.002338923,-9.25E-06,1.61E-05,-0.8809227,278.8906,284.654,101187.4,285.4759,6.2235193,0.4865939,285.64124
SAU,1940,9,0.001889389,17066210,-0.002542716,-1.19E-05,2.19E-05,-0.49883974,279.19513,285.00833,100861.15,286.02567,6.7001724,0.537222,286.2034
SAU,1940,10,0.000929509,22603760,-0.00214272,-1.91E-05,1.08E-05,0.75741315,280.62485,287.20377,100843.01,288.36862,5.8297024,0.532206,288.42245
SAU,1940,11,0.000928577,27014998,-0.002195448,-2.40E-05,1.07E-05,1.9716046,280.9977,288.3238,100685.24,289.95526,6.0721974,0.54646957,290.13452
SAU,1940,12,0.00062852,28729284,-0.002288099,-2.96E-05,7.27E-06,1.9505246,282.45233,290.67987,100591.12,292.38144,6.146987,0.5032477,292.45963
SAU,1950,1,0.000817009,27702466,-0.002340383,-2.85E-05,9.46E-06,1.1152526,283.2875,291.4152,100305.414,292.8101,6.1790934,0.5026321,293.03146
SAU,1950,2,0.000894895,24677456,-0.002517193,-2.44E-05,1.04E-05,1.4235599,284.6488,291.63568,100606.766,292.91998,5.878736,0.510108,293.1944
SAU,1950,3,0.000727843,19972070,-0.002576272,-2.11E-05,8.42E-06,1.6201854,283.58298,290.86737,100950.51,292.2789,5.8303156,0.45739892,292.5943
SAU,1950,4,0.000824266,14339726,-0.002236241,-1.45E-05,9.54E-06,0.066278964,282.86813,289.46506,101188.4,290.42056,5.6345954,0.5298513,290.71677
SAU,1950,5,0.002623704,9961731,-0.002661377,-8.01E-06,3.04E-05,-0.29396456,283.16492,288.12054,100564.28,289.05487,5.97346,0.6506397,289.40225
SAU,1950,6,0.002342444,7925465,-0.002907246,-5.25E-06,2.71E-05,-0.86486894,280.85538,285.6316,101029.664,286.69406,5.8572664,0.5562189,287.02054
SAU,1950,7,0.00214484,8502005,-0.002505846,-6.12E-06,2.48E-05,-1.5067194,280.23898,285.10825,101186.04,285.88678,6.1891584,0.5654249,286.11203
SAU,1950,8,0.001877422,11690068,-0.002389149,-8.69E-06,2.17E-05,-0.90740156,280.40732,285.52972,100991.2,286.27188,6.3408766,0.5658114,286.4857
SAU,1950,9,0.001561476,16925078,-0.002284859,-1.45E-05,1.81E-05,-1.0669652,280.35526,286.58084,100715.83,287.3327,6.5963893,0.5139222,287.4988
SAU,1950,10,0.001429582,22572618,-0.002155363,-1.95E-05,1.65E-05,0.12673384,280.44165,287.29935,100616.44,288.3375,6.262707,0.53445953,288.5218
SAU,1950,11,0.001128539,26910330,-0.002046159,-2.49E-05,1.31E-05,-0.16250001,281.7577,288.98352,100381.36,290.0865,6.11985,0.47846314,290.30844
SAU,1950,12,0.000716353,28647530,-0.002223752,-2.97E-05,8.29E-06,1.0457406,283.14658,291.20758,100456.836,292.45483,6.162595,0.40299034,292.6549
SAU,1960,1,0.001206571,27507948,-0.002408387,-2.90E-05,1.40E-05,0.6247205,284.9504,292.23816,100376.96,293.3594,6.29975,0.50080466,293.50983
SAU,1960,2,0.001079638,24628432,-0.002714093,-2.15E-05,1.25E-05,0.9417927,284.93863,291.12802,100646.125,292.23236,6.029213,0.5383204,292.4961
SAU,1960,3,0.001134918,19672686,-0.002409712,-1.97E-05,1.31E-05,0.59774846,284.36703,290.90604,100847.52,291.98383,5.9198966,0.5300551,292.21875
SAU,1960,4,0.001742164,14216687,-0.003014269,-1.24E-05,2.02E-05,0.5058074,282.33783,288.27554,100717.96,289.6122,6.2910457,0.57094985,289.94275
SAU,1960,5,0.002362194,10045142,-0.003155409,-7.62E-06,2.73E-05,0.30124834,281.3556,286.23062,100541.516,287.23532,7.6043067,0.6320383,287.50613
SAU,1960,6,0.001816605,7929221,-0.002493878,-5.94E-06,2.10E-05,-1.1335939,280.17535,284.88617,101206.41,285.65112,6.4258823,0.4947758,285.9635
SAU,1960,7,0.002746514,8540884,-0.002890321,-5.61E-06,3.18E-05,-1.2504866,279.80267,284.39172,100624.33,285.1524,7.519032,0.6005447,285.38348
SAU,1960,8,0.001815685,11835946,-0.002329494,-7.86E-06,2.10E-05,-0.022733305,278.87817,283.9009,100892.24,284.8937,5.8721533,0.54385257,285.11862
SAU,1960,9,0.001871548,16937736,-0.002237015,-1.20E-05,2.17E-05,0.5172192,280.33884,285.25153,100619.125,286.03787,6.3695784,0.5520176,286.2035
SAU,1960,10,0.000841048,22601162,-0.002262826,-2.08E-05,9.73E-06,0.129577,280.71765,287.2656,100749.09,288.22272,6.677578,0.50184166,288.33127
SAU,1960,11,0.001174558,26885640,-0.002556714,-2.35E-05,1.36E-05,1.150198,281.00385,288.0074,100590.36,289.38687,6.5331836,0.52686936,289.54846
SAU,1960,12,0.000714963,28384454,-0.002004561,-2.79E-05,8.27E-06,1.2030188,283.9618,290.9049,100667.086,292.07272,5.482921,0.5256096,292.1101
SAU,1970,1,0.000866914,27196554,-0.00237412,-2.75E-05,1.00E-05,1.6333671,283.97534,291.13135,100679.25,292.48428,6.250249,0.5459425,292.64877
SAU,1970,2,0.000954702,24295200,-0.002489797,-2.72E-05,1.10E-05,1.0139844,284.6387,292.25098,100724.766,293.4267,6.1567225,0.55225027,293.6146
SAU,1970,3,0.00093261,19520608,-0.002332244,-1.99E-05,1.08E-05,1.0652074,284.10193,290.7198,100751.58,291.97012,5.7345915,0.5788364,292.26172
SAU,1970,4,0.002186643,14032912,-0.003203475,-1.32E-05,2.53E-05,-0.81623703,283.199,289.088,100665.45,290.05435,7.1546617,0.5678256,290.33804
SAU,1970,5,0.001968236,9919711,-0.002889065,-7.69E-06,2.28E-05,-0.3655881,281.559,286.53574,101083.03,287.4479,6.617948,0.5682425,287.77838
SAU,1970,6,0.002674753,7790038,-0.002924302,-6.24E-06,3.10E-05,-2.5449007,281.07767,285.8157,100423.88,286.36572,7.8046913,0.54678756,286.64874
SAU,1970,7,0.002495699,8438948,-0.003030048,-6.76E-06,2.89E-05,-1.536302,279.6307,284.89957,100867.086,285.60797,7.797142,0.51759243,285.84317
SAU,1970,8,0.002358374,11711972,-0.003155263,-8.26E-06,2.73E-05,-0.34721613,278.87924,284.29083,100798.87,285.2714,7.697829,0.5389724,285.53046
SAU,1970,9,0.002352016,16815162,-0.002841512,-1.13E-05,2.72E-05,0.59681165,279.34726,284.73737,100545.2,285.79538,7.141146,0.6035748,285.993
SAU,1970,10,0.001356267,22492950,-0.002729134,-1.96E-05,1.57E-05,-0.14946213,279.82324,286.7007,100501.67,287.72296,7.153039,0.55356747,287.88013
SAU,1970,11,0.001191215,26708546,-0.002187119,-2.40E-05,1.38E-05,0.38353345,281.65723,288.48074,100640.586,289.5127,6.486665,0.5367071,289.62723
SAU,1970,12,0.001438264,28361050,-0.002451134,-2.74E-05,1.66E-05,1.242096,282.9528,290.25232,100350.12,291.60336,6.534801,0.5158724,291.7766
SAU,1980,1,0.001072278,27423036,-0.002983867,-2.68E-05,1.24E-05,1.8569204,284.0364,291.0148,100319.78,292.5184,6.7533836,0.52145183,292.67856
SAU,1980,2,0.001143952,24514664,-0.002962396,-2.43E-05,1.32E-05,1.4724423,284.22806,291.3258,100535.56,292.68234,6.2293305,0.5413452,292.85614
SAU,1980,3,0.000783404,19587922,-0.002801915,-2.05E-05,9.07E-06,0.7889273,284.1886,290.97028,100787.5,292.1606,6.5304127,0.48870936,292.3334
SAU,1980,4,0.002048327,14060326,-0.002698526,-1.33E-05,2.37E-05,-1.2100126,283.9248,289.6951,100763.3,290.45212,6.5059047,0.5443687,290.71524
SAU,1980,5,0.002113438,9865817,-0.002295973,-7.75E-06,2.45E-05,-1.4415824,283.62173,287.9614,100909.38,288.50116,6.19221,0.5824172,288.76212
SAU,1980,6,0.002911939,7851054,-0.003207865,-5.01E-06,3.37E-05,-0.85192394,281.35587,285.66708,100850.3,286.53384,7.2491727,0.6174534,286.84378
SAU,1980,7,0.002491757,8508032,-0.002907547,-5.24E-06,2.88E-05,-0.4692789,280.49167,284.84866,100834.88,285.65552,7.02661,0.5678577,285.9312
SAU,1980,8,0.00201857,11851238,-0.003152077,-9.27E-06,2.34E-05,-2.1440895,280.12073,285.5167,100818.96,285.9743,8.308021,0.51121294,286.1303
SAU,1980,9,0.001789804,17005120,-0.002768079,-1.50E-05,2.07E-05,-1.1295838,280.55267,286.50363,100416.484,287.01767,8.4362335,0.4950853,287.07288
SAU,1980,10,0.001908731,22556404,-0.002639785,-1.78E-05,2.21E-05,0.6032919,280.54807,286.74677,100571.91,287.83157,6.8678293,0.54801285,287.9854
SAU,1980,11,0.00135031,26709066,-0.002352819,-2.46E-05,1.56E-05,0.66798836,282.45312,289.18787,100466.25,290.25848,6.3085084,0.59274703,290.31516
SAU,1980,12,0.001254333,28442020,-0.00252648,-2.81E-05,1.45E-05,0.92602885,283.444,290.8484,100477,292.07358,6.1814055,0.5360609,292.20355
SAU,1990,1,0.00137498,27304386,-0.003161698,-2.56E-05,1.59E-05,1.1234741,284.51334,291.57224,100487.77,292.73984,6.646799,0.54878944,292.93607
SAU,1990,2,0.001604774,24309154,-0.002712826,-2.13E-05,1.86E-05,1.7018534,285.59003,291.5401,100979.32,292.64783,6.052104,0.5891615,292.88232
SAU,1990,3,0.000872856,19548274,-0.002822351,-2.02E-05,1.01E-05,0.7169641,285.21048,291.69168,100956.12,292.76462,5.977119,0.508945,292.9835
SAU,1990,4,0.002191935,14075214,-0.002913118,-1.23E-05,2.54E-05,0.24336153,284.2392,289.7149,100831.76,290.6394,6.2556295,0.5616745,290.97778
SAU,1990,5,0.001854345,9940521,-0.00306184,-7.88E-06,2.15E-05,0.15185875,282.74097,287.7615,100969.734,288.68243,6.702892,0.65814894,288.97653
SAU,1990,6,0.002377517,7871556,-0.00346267,-5.26E-06,2.75E-05,-0.36711797,280.6051,285.3348,100996.06,286.3778,7.4120693,0.54087895,286.67703
SAU,1990,7,0.002954318,8470692,-0.003422915,-5.51E-06,3.42E-05,-1.1428369,279.9756,284.63303,100504.61,285.56235,7.8967047,0.57682025,285.86188
SAU,1990,8,0.00251192,11723803,-0.003267141,-7.36E-06,2.91E-05,0.26552248,279.363,284.38406,100483.55,285.359,7.64754,0.5767865,285.62585
SAU,1990,9,0.001310367,16888100,-0.002452917,-1.34E-05,1.52E-05,-0.48292136,280.51456,286.19128,101161.21,286.7721,6.6458235,0.52802724,286.8726
SAU,1990,10,0.001976113,22359160,-0.002572831,-1.79E-05,2.29E-05,0.66254246,281.30472,287.231,100665.625,288.14465,6.7133465,0.62132025,288.23865
SAU,1990,11,0.000866701,26726032,-0.002656924,-2.51E-05,1.00E-05,0.77172506,282.03928,289.10126,100574.76,290.39056,6.6592917,0.49467528,290.4123
SAU,1990,12,0.00139324,28314972,-0.002567881,-2.66E-05,1.61E-05,1.450741,283.59406,290.35123,100343.06,291.71765,6.26528,0.56062734,291.773
SAU,2000,1,0.001844757,27375696,-0.003081367,-2.46E-05,2.14E-05,1.4612414,284.76093,291.59753,100587.77,292.7645,6.446664,0.5833261,292.91733
SAU,2000,2,0.001556485,24258478,-0.002913354,-2.39E-05,1.80E-05,0.66709656,286.58405,292.97925,100660.31,293.8816,6.1863,0.48691967,293.99182
SAU,2000,3,0.001735713,19397816,-0.003375481,-1.69E-05,2.01E-05,0.8301189,285.17325,291.18964,100876.99,292.2821,6.348077,0.5854397,292.58554
SAU,2000,4,0.001634615,14031871,-0.003277524,-1.20E-05,1.89E-05,-0.34596482,283.77173,289.3528,101079.79,290.3652,6.3334823,0.4900887,290.6377
SAU,2000,5,0.001862453,9959871,-0.003505006,-7.46E-06,2.16E-05,0.44059518,281.69763,286.77838,101238.75,288.04782,6.8332624,0.57780033,288.33575
SAU,2000,6,0.002021487,7889161.5,-0.003174369,-5.83E-06,2.34E-05,-1.1874325,280.88654,285.81577,101210.445,286.65796,7.1126437,0.5805226,286.90546
SAU,2000,7,0.002628689,8564648,-0.00337357,-6.05E-06,3.04E-05,-1.752657,280.3056,285.07382,100566.66,285.92123,7.7981153,0.55964553,286.18338
SAU,2000,8,0.002423731,11873889,-0.003082683,-7.60E-06,2.81E-05,-0.20227665,279.76105,284.7209,100637.63,285.68652,6.8111286,0.5809465,285.9395
SAU,2000,9,0.001897304,16956558,-0.003027577,-1.29E-05,2.20E-05,-0.74978495,281.18872,286.4785,100452.016,287.144,8.019457,0.5899888,287.20767
SAU,2000,10,0.001669434,22598892,-0.002842689,-1.69E-05,1.93E-05,0.5078707,280.8874,287.0188,100667.46,288.08664,6.714247,0.52914023,288.21115
SAU,2000,11,0.000992338,26595026,-0.002399313,-2.22E-05,1.15E-05,0.9072823,284.12335,289.89545,100600.266,290.92975,6.093896,0.505974,290.95578
SAU,2000,12,0.000792742,28518576,-0.003214635,-2.82E-05,9.17E-06,1.2914224,283.62668,291.25385,100410.71,292.84946,6.5403857,0.46834505,292.8975
SAU,2010,1,0.000737415,27475522,-0.002960905,-2.97E-05,8.54E-06,1.6366853,284.0741,292.25513,100529.24,293.81943,6.1941056,0.47487158,293.86316
SAU,2010,2,0.001245957,24190340,-0.002775522,-2.45E-05,1.44E-05,1.5399634,286.62457,292.94647,100849.875,294.22665,6.0050635,0.5680103,294.32373
SAU,2010,3,0.001315147,19467920,-0.00288107,-1.86E-05,1.52E-05,0.90643585,285.56888,291.7386,101086.95,292.80273,6.0050874,0.58770525,292.96683
SAU,2010,4,0.001607625,13957844,-0.002904872,-1.24E-05,1.86E-05,0.13011907,284.79218,290.0916,100856.86,291.07217,6.113671,0.6134366,291.2717
SAU,2010,5,0.001749679,9947898,-0.002991931,-7.92E-06,2.03E-05,-0.070098616,282.29123,287.45334,100843.31,288.56598,6.1555676,0.5866634,288.7761
SAU,2010,6,0.001843384,7852286.5,-0.003092896,-5.28E-06,2.13E-05,0.09040333,280.66858,285.5857,101362.45,286.79758,6.276858,0.584182,287.04337
SAU,2010,7,0.002071441,8492155,-0.002733377,-5.34E-06,2.40E-05,-1.0022041,280.40744,284.93515,101216.47,285.8241,6.3600254,0.5443033,285.99414
SAU,2010,8,0.002599831,11786610,-0.003330783,-7.47E-06,3.01E-05,0.581541,279.28317,284.46384,100747.25,285.6603,7.211865,0.5962624,285.8623
SAU,2010,9,0.001652886,16942970,-0.003084081,-1.06E-05,1.91E-05,1.3435495,279.79578,285.13037,101103.86,286.25336,6.975679,0.6185053,286.3812
SAU,2010,10,0.001729061,22464940,-0.002758449,-1.71E-05,2.00E-05,0.2521156,280.99213,287.09082,101007.57,288.06314,6.6197176,0.49686632,288.0869
SAU,2010,11,0.001434383,26554214,-0.002608221,-2.09E-05,1.66E-05,0.93550414,282.5338,288.85477,100888.26,289.97437,6.051998,0.59505934,289.99234
SAU,2010,12,0.001783264,28218552,-0.003179755,-2.37E-05,2.06E-05,1.4663975,283.65695,290.04614,100234.17,291.37582,6.76176,0.58704686,291.423
SAU,2020,1,0.001295388,27350068,-0.00277598,-2.74E-05,1.50E-05,1.1270963,284.77176,292.03876,100423.74,293.4478,6.352939,0.5142985,293.52103
SAU,2020,2,0.001423716,24185244,-0.002981853,-2.30E-05,1.65E-05,2.0538304,285.4638,291.74783,100744.41,293.2873,6.407692,0.59613574,293.45538
SAU,2020,3,0.001404543,19407560,-0.002945449,-1.81E-05,1.63E-05,0.9346719,284.62512,290.8827,101027.03,292.126,6.1343665,0.62735546,292.3059
SAU,2020,4,0.002164701,13941001,-0.003222802,-1.22E-05,2.51E-05,0.1357848,283.6092,289.2107,100665.31,290.3431,6.8768277,0.64761585,290.57336
SAU,2020,5,0.001870335,9964836,-0.003305059,-8.38E-06,2.16E-05,-0.9497722,281.2341,286.7706,101059.195,287.7217,7.28755,0.58984923,287.954
SAU,2020,6,0.001775383,7861107,-0.002667598,-6.23E-06,2.05E-05,-1.6341312,281.09756,285.92133,101143.56,286.64896,6.886203,0.5951707,286.7805
SAU,2020,7,0.001507276,8550731,-0.002589925,-6.21E-06,1.74E-05,-0.60891694,280.42776,285.1281,101277.125,285.9936,6.5191126,0.5734833,286.1083
SAU,2020,8,0.002316668,11830891,-0.003011816,-8.07E-06,2.68E-05,0.49179476,279.89758,284.839,100672.87,285.88074,7.144759,0.59940743,286.08197
SAU,2020,9,0.00185925,16971150,-0.002710416,-1.37E-05,2.15E-05,-0.8093133,280.80237,286.4249,100771.45,287.08026,7.5556145,0.5876666,287.15213
SAU,2020,10,0.001640877,22507326,-0.002474307,-1.74E-05,1.90E-05,1.1221418,281.4502,287.35645,100889.89,288.33154,6.0814123,0.57826805,288.42084
SAU,2020,11,0.00137386,26667322,-0.002506153,-2.52E-05,1.59E-05,0.017779129,282.88956,289.87897,100512.195,290.86316,6.540375,0.56853724,290.83936
SAU,2020,12,0.001286347,28468440,-0.003087974,-2.56E-05,1.49E-05,1.6692948,282.55664,289.9529,100679.64,291.47757,6.8399253,0.55997145,291.58035
